num_rows,single,multi,speedup
500,306400,43188,7.094563304621654
1000,2286432,396275,5.769811368367926
1500,9145617,1411208,6.480700931400616
2000,37440922,3232615,11.582239765638654
