num_rows,single,multi,speedup
500,309405,39717,7.790240954754891
1000,2495586,386744,6.45281116190555
1500,8067231,1400308,5.761040428248642
2000,37958740,3312552,11.459062378492474
